target_ticker,most_similar,most_similar_corr,most_dissimilar,most_dissimilar_corr
000080.KS,"['030000.KS', '001800.KS', '000240.KS', '007310.KS', '007070.KS']","[0.5977707110720037, 0.5815204411678719, 0.5698569553728396, 0.5349253741573571, 0.5189906739160247]","['103590.KS', '042660.KS', '017960.KS', '082740.KS', '241560.KS']","[-0.18903647058058076, -0.17458632249470868, -0.14935522848164404, -0.14908845098302306, -0.14081870925055726]"
000100.KS,"['326030.KS', '009420.KS', '185750.KS', '006280.KS', '069620.KS']","[0.5986410683804767, 0.5948473625583267, 0.49837334080814244, 0.4907272871478938, 0.48989245414165494]","['017800.KS', '026960.KS', '051600.KS', '015760.KS', '139480.KS']","[-0.15379822352427863, -0.14603823653585188, -0.140443551488082, -0.13203731002882063, -0.13111709460272958]"
000120.KS,"['004170.KS', '251270.KS', '139480.KS', '034230.KS', '002380.KS']","[0.5254494008272882, 0.5062727609483131, 0.4842890690641074, 0.45811995691648455, 0.4424847401648389]","['111770.KS', '137310.KS', '011200.KS', '000100.KS', '010140.KS']","[-0.14599197507810552, -0.13039159738144232, -0.06346345373786291, -0.05581967886136708, -0.048083361432646354]"
000150.KS,"['034020.KS', '402340.KS', '010120.KS', '103590.KS', '000660.KS']","[0.5511147298401389, 0.5298326503875679, 0.5275032433407689, 0.5203208890051954, 0.5020878267364814]","['030200.KS', '073240.KS', '032640.KS', '280360.KS', '051910.KS']","[-0.31963540446149363, -0.2851840008526706, -0.21036944101974053, -0.18374557629583063, -0.17540342509684587]"
000240.KS,"['004990.KS', '034730.KS', '003090.KS', '000080.KS', '078930.KS']","[0.6287276101772932, 0.5999602892353065, 0.5927674157396107, 0.5698569553728396, 0.5379441191125948]","['010130.KS', '012450.KS', '272210.KS', '352820.KS', '052690.KS']","[-0.19921565743806854, -0.1572526143676062, -0.11534656728460305, -0.10983902037408384, -0.09485990828615393]"
000270.KS,"['005380.KS', '005385.KS', '005387.KS', '011210.KS', '010950.KS']","[0.6950841825144176, 0.6634543586231626, 0.6608630346954294, 0.5239616190100489, 0.47977642618601274]","['017960.KS', '111770.KS', '003490.KS', '088980.KS', '042660.KS']","[-0.16723385371345692, -0.14338454982848917, -0.12783340245421212, -0.12434132670601795, -0.12135161025019854]"
000660.KS,"['402340.KS', '042700.KS', '071050.KS', '014680.KS', '011790.KS']","[0.8863609911054875, 0.7060800762071264, 0.5794281733806661, 0.5504938858462802, 0.5483906776834528]","['030200.KS', '139480.KS', '259960.KS', '073240.KS', '089860.KS']","[-0.16401759473123947, -0.1325237868968227, -0.09608366335528826, -0.08483858790615069, -0.07111272586771596]"
000720.KS,"['006360.KS', '034020.KS', '047040.KS', '003570.KS', '006800.KS']","[0.6136304982100492, 0.5748613271138839, 0.4944837375825101, 0.4729850982233985, 0.44542989685951867]","['010130.KS', '204320.KS', '073240.KS', '018880.KS', '021240.KS']","[-0.29065728475518865, -0.28761228725707005, -0.2508890228916323, -0.22978847652877765, -0.18104436774248187]"
000810.KS,"['032830.KS', '028260.KS', '024110.KS', '316140.KS', '029780.KS']","[0.7141554574409258, 0.6361171105744249, 0.6348327925174955, 0.6158429066728368, 0.5979690989289087]","['298020.KS', '267270.KS', '298040.KS', '012450.KS', '009450.KS']","[-0.243410126139483, -0.223541066138436, -0.21931895819074607, -0.12829888906394912, -0.12518867336290224]"
000880.KS,"['267250.KS', '006360.KS', '034730.KS', '078930.KS', '002380.KS']","[0.5906834716212297, 0.5713759774574659, 0.5457107766823113, 0.5055800364277943, 0.4751769292915444]","['259960.KS', '000100.KS', '081660.KS', '005850.KS', '111770.KS']","[-0.31563673421058125, -0.10267479823571406, -0.07121128794858393, -0.04716073126008026, -0.04621014960875607]"
000990.KS,"['014680.KS', '005930.KS', '020150.KS', '361610.KS', '022100.KS']","[0.675214388485734, 0.6513046586342958, 0.5726726986360263, 0.5570154123447768, 0.5480239481315446]","['030200.KS', '010620.KS', '267260.KS', '015760.KS', '010130.KS']","[-0.22982826430605272, -0.13320206277887134, -0.12892987393084207, -0.1204966217734513, -0.11463375228567328]"
001040.KS,"['006260.KS', '002380.KS', '003550.KS', '012630.KS', '192080.KS']","[0.5329797552185137, 0.5299465234504559, 0.48285668203591425, 0.4671532457443802, 0.4560162768918642]","['267270.KS', '272210.KS', '011200.KS', '373220.KS', '081660.KS']","[-0.15140062024494474, -0.14019668823435752, -0.14010543496618327, -0.1107327438451864, -0.09381886912331022]"
001440.KS,"['052690.KS', '010950.KS', '006260.KS', '010120.KS', '039490.KS']","[0.6061184367328635, 0.5804664546207012, 0.5529677517511771, 0.5225903738677754, 0.5177656497500489]","['081660.KS', '139480.KS', '395400.KS', '023530.KS', '010130.KS']","[-0.12729759289541012, -0.12417601110612185, -0.10135193980206789, -0.08425308275261886, -0.07376410084715569]"
001450.KS,"['005830.KS', '055550.KS', '086790.KS', '010950.KS', '006800.KS']","[0.65072564432955, 0.5785400928836358, 0.568092370846586, 0.5620407774231012, 0.5601339576099709]","['042660.KS', '267270.KS', '272210.KS', '012450.KS', '035420.KS']","[-0.17406454246459663, -0.11906844513235, -0.10854298739158502, -0.10312223005359887, -0.06646961651692711]"
001720.KS,"['005940.KS', '088350.KS', '004990.KS', '071050.KS', '006800.KS']","[0.6967102282839723, 0.6784638052648756, 0.6624461865882559, 0.6444093632002232, 0.5979099593769848]","['042660.KS', '005930.KS', '005935.KS', '017670.KS', '066570.KS']","[-0.20012552473918385, -0.12160408711662739, -0.11161287170159996, -0.11120815991628089, -0.10034958573897006]"
001800.KS,"['088350.KS', '034730.KS', '006800.KS', '078930.KS', '000080.KS']","[0.6227759068572769, 0.6069220516644768, 0.5944365912794163, 0.5848778383661128, 0.5815204411678719]","['042660.KS', '267270.KS', '017960.KS', '010130.KS', '111770.KS']","[-0.19335393046196692, -0.10199560162841131, -0.058976523197015775, -0.05606388135981552, -0.03974286063013413]"
002380.KS,"['034730.KS', '004990.KS', '078930.KS', '088350.KS', '001040.KS']","[0.6739017234124657, 0.6594957108666725, 0.6345268864138844, 0.5800146564466327, 0.5299465234504559]","['051600.KS', '272210.KS', '010130.KS', '377300.KS', '042660.KS']","[-0.11859709877419822, -0.08211432453188793, -0.0633516048930714, -0.008891097315130365, 0.0030988114235372182]"
002790.KS,"['090430.KS', '004170.KS', '383220.KS', '001800.KS', '302440.KS']","[0.8292432508130457, 0.5874796033299775, 0.5479395274758772, 0.5338729119492476, 0.5180932281697669]","['010130.KS', '326030.KS', '375500.KS', '007660.KS', '009420.KS']","[-0.20035396316976062, -0.07175150544337029, -0.039496677350409376, -0.03515219490776209, -0.019858328606261515]"
003090.KS,"['034730.KS', '004990.KS', '088350.KS', '069620.KS', '000240.KS']","[0.70446705226223, 0.6820613400069817, 0.6798051042475117, 0.6333100507383679, 0.5927674157396107]","['272210.KS', '021240.KS', '042660.KS', '352820.KS', '051600.KS']","[-0.1571184725706463, -0.14700072326927313, -0.13703512719562885, -0.11848449698590298, -0.10773886589949637]"
003230.KS,"['000150.KS', '128940.KS', '000660.KS', '298040.KS', '062040.KS']","[0.44539356943184893, 0.42876302069643035, 0.42218655129409566, 0.39587327304363473, 0.39324601613225835]","['030200.KS', '036460.KS', '003490.KS', '051910.KS', '005850.KS']","[-0.39653362914510243, -0.22229649617427324, -0.16891393884517214, -0.1654651985456272, -0.14746285047653457]"
003490.KS,"['020560.KS', '015760.KS', '139130.KS', '138930.KS', '069960.KS']","[0.6509326192007628, 0.48845937940251855, 0.45541766123727584, 0.4486966467912365, 0.4147357178849429]","['377300.KS', '064350.KS', '329180.KS', '042660.KS', '003230.KS']","[-0.22710316605706612, -0.2111821456608112, -0.19174881621935674, -0.1875558149251208, -0.16891393884517214]"
003550.KS,"['005940.KS', '034730.KS', '006800.KS', '071050.KS', '005830.KS']","[0.6493767736126924, 0.6366893907118785, 0.6318850404031302, 0.6169388093598167, 0.6163731628017679]","['042660.KS', '009450.KS', '012450.KS', '267270.KS', '272210.KS']","[-0.1975216327382217, -0.1801127644046608, -0.09700424515560782, -0.0752205381756539, -0.0681934197181605]"
003570.KS,"['079550.KS', '064350.KS', '272210.KS', '047810.KS', '012450.KS']","[0.6649821546860838, 0.6631345408977088, 0.5099906764805935, 0.49991643358076626, 0.4961834370763206]","['081660.KS', '073240.KS', '018880.KS', '021240.KS', '030200.KS']","[-0.2667373242928847, -0.24618143735054937, -0.2316851452564038, -0.1740210309862628, -0.15956419225033663]"
003670.KS,"['361610.KS', '005070.KS', '022100.KS', '066970.KS', '450080.KS']","[0.7722878483748367, 0.7355036802244064, 0.7305461703764622, 0.7249005758205408, 0.6965529032993808]","['375500.KS', '267270.KS', '443060.KS', '294870.KS', '042660.KS']","[-0.11858771795789416, -0.11771253925209943, -0.1070762680511391, -0.10613379435966158, -0.0971922189867398]"
003690.KS,"['009970.KS', '071050.KS', '055550.KS', '001720.KS', '035250.KS']","[0.4948466095801133, 0.4694141344263878, 0.4689478159536033, 0.46307231438501684, 0.4430456394990559]","['280360.KS', '017960.KS', '042660.KS', '112610.KS', '097950.KS']","[-0.22588260464206944, -0.18969197937830268, -0.17964381077487784, -0.15931663906583618, -0.12662511683158673]"
004020.KS,"['005490.KS', '011170.KS', '051910.KS', '011780.KS', '047050.KS']","[0.7893748818135655, 0.7010761334174022, 0.6788599168994454, 0.6308025466470573, 0.6002931817380831]","['012630.KS', '010130.KS', '003690.KS', '017800.KS', '018260.KS']","[-0.15463547640790198, -0.11346227267164233, -0.10952453868362896, -0.10925397627491981, -0.08470171383580548]"
004170.KS,"['069960.KS', '023530.KS', '383220.KS', '002790.KS', '139480.KS']","[0.7753745389045329, 0.6526411316690061, 0.5930623676109701, 0.5874796033299775, 0.5587603751478069]","['042660.KS', '010130.KS', '329180.KS', '204320.KS', '267270.KS']","[-0.16968791827707583, -0.15288023229489026, -0.1526332406273012, -0.09519031687068666, -0.06933962323175245]"
004370.KS,"['007310.KS', '271560.KS', '097950.KS', '011070.KS', '004170.KS']","[0.6910729982810434, 0.5720324530586353, 0.5413703173281498, 0.5036799359066174, 0.4754234151044448]","['010130.KS', '042660.KS', '377300.KS', '052690.KS', '457190.KS']","[-0.20141900696163406, -0.15856973366247906, -0.1455138224243983, -0.12151801742648022, -0.1180837790321068]"
004990.KS,"['088350.KS', '003090.KS', '001720.KS', '002380.KS', '078930.KS']","[0.7123058079794234, 0.6820613400069817, 0.6624461865882559, 0.6594957108666725, 0.6574848734829395]","['042660.KS', '272210.KS', '017960.KS', '052690.KS', '010130.KS']","[-0.11664592405950047, -0.08077680300260517, -0.06240806846852827, -0.05619920591323839, -0.04856772192763696]"
005070.KS,"['361610.KS', '066970.KS', '450080.KS', '003670.KS', '020150.KS']","[0.7811416682376009, 0.7774202966306928, 0.7545531665432289, 0.7355036802244064, 0.6989020004053083]","['294870.KS', '267260.KS', '272210.KS', '443060.KS', '042660.KS']","[-0.2778020439736658, -0.23149844879795128, -0.2304512431086525, -0.22068499791519458, -0.21713202346211208]"
005380.KS,"['005385.KS', '005387.KS', '011210.KS', '000270.KS', '034220.KS']","[0.8451321772540235, 0.8019509519757724, 0.7013929185785052, 0.6950841825144176, 0.5917666437175082]","['010130.KS', '103590.KS', '017800.KS', '017960.KS', '111770.KS']","[-0.18210311470871401, -0.17617110389492766, -0.1321769946789412, -0.12073791457591573, -0.07937590574729347]"
005385.KS,"['005387.KS', '005380.KS', '000270.KS', '011210.KS', '066570.KS']","[0.93630242499653, 0.8451321772540235, 0.6634543586231626, 0.6500258176240645, 0.5951590697868152]","['017960.KS', '017800.KS', '161890.KS', '062040.KS', '012450.KS']","[-0.10947455395058639, -0.10334335199638758, -0.06570195888039537, -0.0525688488647943, -0.030629657747547175]"
005387.KS,"['005385.KS', '005380.KS', '066570.KS', '000270.KS', '011210.KS']","[0.93630242499653, 0.8019509519757724, 0.66821814485244, 0.6608630346954294, 0.6168895435666171]","['161890.KS', '017800.KS', '139480.KS', '017960.KS', '375500.KS']","[-0.12019842483260562, -0.09769750032553237, -0.07998483957861394, -0.06039960552385119, -0.060250240000807205]"
005490.KS,"['051910.KS', '004020.KS', '047050.KS', '096770.KS', '011170.KS']","[0.8399266463395032, 0.7893748818135655, 0.7243601803582654, 0.7025993818036914, 0.6661972754569765]","['017800.KS', '326030.KS', '062040.KS', '352820.KS', '009450.KS']","[-0.22265183622933002, -0.15411811483118262, -0.1437652742658595, -0.1406304300877655, -0.13594059401903794]"
005830.KS,"['024110.KS', '001450.KS', '006800.KS', '071050.KS', '003550.KS']","[0.6877467570679495, 0.65072564432955, 0.6236726643723904, 0.6199018717998485, 0.6163731628017679]","['009450.KS', '042660.KS', '267270.KS', '241560.KS', '103590.KS']","[-0.1469894928093075, -0.14645126648465404, -0.07554625174254735, -0.05722504673889664, -0.04179444933931275]"
005850.KS,"['066570.KS', '450080.KS', '011210.KS', '022100.KS', '005387.KS']","[0.6169452352012719, 0.5502007543362856, 0.5464861955646533, 0.5305830059071515, 0.5252356201429913]","['272210.KS', '042660.KS', '329180.KS', '000720.KS', '017800.KS']","[-0.23427746972651295, -0.18412408455101123, -0.17769575777194893, -0.1717234050737584, -0.16896853537646073]"
005930.KS,"['005935.KS', '000990.KS', '066570.KS', '009150.KS', '006400.KS']","[0.9118286908573223, 0.6513046586342958, 0.5570279079655387, 0.5487717638552745, 0.5326715816207122]","['443060.KS', '010130.KS', '009420.KS', '009540.KS', '012510.KS']","[-0.21352460883609425, -0.2125266569621061, -0.14612543148485774, -0.13584421604551186, -0.13016873387876976]"
005935.KS,"['005930.KS', '066570.KS', '097950.KS', '011070.KS', '000990.KS']","[0.9118286908573223, 0.6173864928159258, 0.5727598044186898, 0.5400547830399791, 0.5383614268375403]","['017800.KS', '443060.KS', '010130.KS', '001720.KS', '051600.KS']","[-0.20882807405862275, -0.15799535095586667, -0.15099608845410487, -0.11161287170159996, -0.10387552102376282]"
005940.KS,"['071050.KS', '139130.KS', '006800.KS', '016360.KS', '024110.KS']","[0.8169490207387897, 0.7712785837839725, 0.7433674404474576, 0.7257833427049424, 0.7108536341837517]","['042660.KS', '012450.KS', '017960.KS', '373220.KS', '009450.KS']","[-0.15288195927496584, -0.09587181898847055, -0.0742215145978943, -0.04044352029191077, -0.03673984990248021]"
006040.KS,"['462870.KS', '004170.KS', '012630.KS', '020560.KS', '282330.KS']","[0.5014109994255069, 0.47047104849046945, 0.4699354629502737, 0.4684320744639069, 0.44771297828679835]","['042660.KS', '010130.KS', '000150.KS', '329180.KS', '138040.KS']","[-0.18595731506169805, -0.1261523830306437, -0.06679676479758899, -0.06308955932113354, -0.0398200526046211]"
006260.KS,"['001440.KS', '010120.KS', '000660.KS', '014680.KS', '001040.KS']","[0.5529677517511771, 0.5488262500386917, 0.5448278079457521, 0.5357931769570231, 0.5329797552185137]","['081660.KS', '139480.KS', '030200.KS', '395400.KS', '097950.KS']","[-0.18282204031585866, -0.1589260192839163, -0.14171570571531308, -0.11707422116810352, -0.10380651790201609]"
006280.KS,"['185750.KS', '068270.KS', '000100.KS', '326030.KS', '128940.KS']","[0.6198427978205585, 0.5240903857639257, 0.4907272871478938, 0.4880725785044797, 0.4353081147923011]","['042660.KS', '373220.KS', '204320.KS', '192820.KS', '011790.KS']","[-0.16362643506373364, -0.13843583776031906, -0.10608219993486204, -0.10190170690440829, -0.08384332319945854]"
006360.KS,"['047040.KS', '000720.KS', '078930.KS', '000880.KS', '028260.KS']","[0.7326425913172013, 0.6136304982100492, 0.5884883067720877, 0.5713759774574659, 0.5502026029136692]","['204320.KS', '373220.KS', '009450.KS', '011790.KS', '192080.KS']","[-0.09239323581797182, -0.08493969402097931, -0.07735091669530862, -0.07422087945555658, -0.05992152008215579]"
006400.KS,"['361610.KS', '373220.KS', '003670.KS', '005070.KS', '020150.KS']","[0.6888064223150355, 0.6624438594248183, 0.6560700639410484, 0.649747214809208, 0.6411818916980383]","['272210.KS', '010130.KS', '062040.KS', '329180.KS', '443060.KS']","[-0.26492939220558315, -0.19470209629436377, -0.1879182319997119, -0.18280144772465237, -0.17622286907591686]"
006800.KS,"['071050.KS', '039490.KS', '016360.KS', '005940.KS', '086790.KS']","[0.8294215820325654, 0.7437778919813337, 0.7435309234495195, 0.7433674404474576, 0.6778983335742199]","['042660.KS', '373220.KS', '018880.KS', '051910.KS', '267270.KS']","[-0.16693748903998062, -0.035528306576874, -0.027428537332432633, -0.017906477567779702, 0.012330153287998236]"
007070.KS,"['030000.KS', '000080.KS', '300720.KS', '282330.KS', '016360.KS']","[0.6132811515561082, 0.5189906739160247, 0.4844464371356372, 0.46262658008065105, 0.4435603039162084]","['329180.KS', '042660.KS', '267260.KS', '007660.KS', '082740.KS']","[-0.22321629604581764, -0.214667235171095, -0.17319792232369371, -0.16618852687595248, -0.16136475275563494]"
007310.KS,"['004370.KS', '280360.KS', '097950.KS', '271560.KS', '011210.KS']","[0.6910729982810434, 0.6554524835300877, 0.6478690972268547, 0.637565260650055, 0.5792304760332294]","['000150.KS', '009420.KS', '012450.KS', '010130.KS', '298040.KS']","[-0.15301594350579248, -0.13512319313517443, -0.11810990253991649, -0.10842500532944833, -0.10568655133635041]"
007340.KS,"['010060.KS', '011780.KS', '034730.KS', '139130.KS', '004990.KS']","[0.40476946224422705, 0.3869322725861726, 0.3795892897936466, 0.37473407635994416, 0.3705698902734225]","['352820.KS', '010130.KS', '051600.KS', '300720.KS', '000150.KS']","[-0.28712062517705206, -0.2230753458006548, -0.14306469095045735, -0.12706562650849015, -0.11080498712333067]"
007660.KS,"['241560.KS', '103590.KS', '006260.KS', '000150.KS', '402340.KS']","[0.5153101529133762, 0.48333471824275626, 0.39161936271212217, 0.361542751859879, 0.3527811529792921]","['137310.KS', '010140.KS', '026960.KS', '007070.KS', '035420.KS']","[-0.27595500484166874, -0.2217974596455584, -0.18868776472665666, -0.16618852687595248, -0.15928937669171894]"
008770.KS,"['069960.KS', '004170.KS', '028670.KS', '034230.KS', '383220.KS']","[0.6025481551941915, 0.5513879269252802, 0.5228037950963876, 0.501939265236472, 0.5007411226538065]","['042660.KS', '329180.KS', '010130.KS', '272210.KS', '443060.KS']","[-0.39140729937518154, -0.33811874327970665, -0.17558619629199673, -0.1457152416448264, -0.1216170328767512]"
008930.KS,"['071050.KS', '128940.KS', '402340.KS', '009970.KS', '316140.KS']","[0.5244204502105613, 0.48560266980231476, 0.4824275889429714, 0.4746551912396725, 0.46030921211162573]","['089860.KS', '139480.KS', '267270.KS', '271560.KS', '097950.KS']","[-0.12127056082130387, -0.11158671645165875, -0.06511608554423057, -0.041513752162367384, -0.03688905234678211]"
009150.KS,"['011070.KS', '005930.KS', '302440.KS', '000990.KS', '005385.KS']","[0.6232125594370103, 0.5487717638552745, 0.5371835106402837, 0.5358312420473416, 0.4870238516583243]","['010130.KS', '030200.KS', '047810.KS', '029780.KS', '032640.KS']","[-0.17745111328834445, -0.17383171961556182, -0.14964039539714807, -0.14698435687166633, -0.13192226126466688]"
009420.KS,"['000100.KS', '326030.KS', '128940.KS', '069620.KS', '006280.KS']","[0.5948473625583267, 0.5724162702659052, 0.4695206493328281, 0.4523695953103123, 0.404689489488056]","['097950.KS', '032640.KS', '192820.KS', '081660.KS', '139480.KS']","[-0.26208037204939755, -0.2453267174242511, -0.20063642161109946, -0.16952410922191163, -0.16069583148920497]"
009450.KS,"['082740.KS', '267270.KS', '009540.KS', '000150.KS', '071970.KS']","[0.4311958729335957, 0.3769140831870018, 0.30145938199501443, 0.2968001852966972, 0.2920215059767376]","['089860.KS', '259960.KS', '280360.KS', '251270.KS', '029780.KS']","[-0.2889107758831558, -0.27101947213389743, -0.2561446974068586, -0.23198738494527246, -0.22452302930345802]"
009540.KS,"['329180.KS', '010620.KS', '071970.KS', '082740.KS', '010140.KS']","[0.7345639876146192, 0.6660935538573375, 0.6336155320246487, 0.5988289362924116, 0.522961917580348]","['026960.KS', '089860.KS', '018670.KS', '005930.KS', '051910.KS']","[-0.24713511296751345, -0.16380538207996803, -0.14684973950170152, -0.13584421604551186, -0.13332105661454927]"
009830.KS,"['112610.KS', '010060.KS', '028670.KS', '073240.KS', '004020.KS']","[0.5934763030267568, 0.555174416017952, 0.4855863149265094, 0.41832812357095284, 0.4026557725869873]","['267260.KS', '062040.KS', '003570.KS', '010130.KS', '307950.KS']","[-0.1596609989711493, -0.13922799647474043, -0.12263309042430579, -0.0973037568326786, -0.08240949120684116]"
009970.KS,"['006800.KS', '111770.KS', '071050.KS', '034730.KS', '003690.KS']","[0.566000788937933, 0.5448049202571398, 0.5339696108964278, 0.4997487987572934, 0.4948466095801133]","['138040.KS', '018880.KS', '066970.KS', '373220.KS', '204320.KS']","[-0.18105304142902237, -0.16832352237430076, -0.16683759657996158, -0.12762882378525572, -0.1034133476979009]"
010060.KS,"['009830.KS', '005490.KS', '004020.KS', '011200.KS', '042700.KS']","[0.555174416017952, 0.502787412119006, 0.49219283554581755, 0.4879468903119692, 0.48647772162271546]","['017800.KS', '051600.KS', '272210.KS', '010130.KS', '000150.KS']","[-0.20119138869622774, -0.17790213032205637, -0.14829339756918028, -0.11596107036910606, -0.10023021194692107]"
010120.KS,"['006260.KS', '000150.KS', '001440.KS', '103590.KS', '062040.KS']","[0.5488262500386917, 0.5275032433407689, 0.5225903738677754, 0.5175583317970247, 0.49761811680854684]","['032640.KS', '000080.KS', '280360.KS', '081660.KS', '271560.KS']","[-0.1270985496574457, -0.11527200560542213, -0.11378112786808894, -0.0953400622251403, -0.09473863546791385]"
010130.KS,"['089860.KS', '021240.KS', '267260.KS', '138930.KS', '018670.KS']","[0.3191473209941884, 0.3087699848728257, 0.2920674758388605, 0.26597098252353574, 0.2462632395767913]","['036460.KS', '330590.KS', '028670.KS', '000720.KS', '011070.KS']","[-0.33395045696808046, -0.32697591320096736, -0.2934898103372554, -0.29065728475518865, -0.2865272550619729]"
010140.KS,"['009540.KS', '329180.KS', '042660.KS', '082740.KS', '267250.KS']","[0.522961917580348, 0.4787076381496931, 0.47538576274733707, 0.46613321146319986, 0.4514346606841915]","['251270.KS', '010130.KS', '007660.KS', '192080.KS', '069960.KS']","[-0.2436965928776435, -0.23174474143944254, -0.2217974596455584, -0.19872852766915422, -0.12951117189346642]"
010620.KS,"['009540.KS', '329180.KS', '071970.KS', '017960.KS', '082740.KS']","[0.6660935538573375, 0.6186884298082078, 0.4542364865289032, 0.4466658342861947, 0.37529178702693883]","['298040.KS', '021240.KS', '298020.KS', '026960.KS', '035720.KS']","[-0.22079216574470326, -0.2156550610817122, -0.19756265881107804, -0.17242554474228114, -0.17236298900854646]"
010950.KS,"['096770.KS', '001440.KS', '001450.KS', '028050.KS', '011210.KS']","[0.6488684377483663, 0.5804664546207012, 0.5620407774231012, 0.5587932880225354, 0.5513524981070158]","['015760.KS', '375500.KS', '111770.KS', '003490.KS', '010130.KS']","[-0.2016316373725998, -0.1357608026507702, -0.12837744588494812, -0.10398456685073056, -0.09579905422134456]"
011070.KS,"['009150.KS', '034220.KS', '005935.KS', '005930.KS', '002380.KS']","[0.6232125594370103, 0.58749979556691, 0.5400547830399791, 0.5302383358966801, 0.5201792488048769]","['010130.KS', '017960.KS', '051600.KS', '267260.KS', '259960.KS']","[-0.2865272550619729, -0.13793419109685057, -0.12505243049850182, -0.091067275560215, -0.08664873620840786]"
011170.KS,"['011780.KS', '004020.KS', '005490.KS', '020150.KS', '051910.KS']","[0.7270068163708585, 0.7010761334174022, 0.6661972754569765, 0.6548683361683915, 0.6510564560585305]","['326030.KS', '137310.KS', '329180.KS', '010620.KS', '267260.KS']","[-0.1943479892387397, -0.15759044855661541, -0.15004450039446063, -0.14558292127015743, -0.13432149131952312]"
011200.KS,"['028670.KS', '180640.KS', '010060.KS', '009830.KS', '161390.KS']","[0.6082119760564125, 0.5205947970720066, 0.4879468903119692, 0.3883037221937242, 0.33064368129422966]","['192080.KS', '071970.KS', '017960.KS', '010130.KS', '207940.KS']","[-0.3445676413117438, -0.20034564957306203, -0.1876236502005462, -0.17719574537007868, -0.17196357308551247]"
011210.KS,"['005380.KS', '005490.KS', '005385.KS', '005387.KS', '004020.KS']","[0.7013929185785052, 0.6628294354327969, 0.6500258176240645, 0.6168895435666171, 0.5819399882501771]","['010130.KS', '111770.KS', '009450.KS', '103590.KS', '062040.KS']","[-0.0874747259049011, -0.08133555977121883, -0.06702265682420647, -0.04005373553895224, -0.004537565804566978]"
011780.KS,"['011170.KS', '004020.KS', '051910.KS', '383220.KS', '011210.KS']","[0.7270068163708585, 0.6308025466470573, 0.5821572331437739, 0.5651731066414682, 0.5650940172013292]","['009450.KS', '010130.KS', '062040.KS', '329180.KS', '042660.KS']","[-0.2144783550118848, -0.1860648207973194, -0.1477538481434006, -0.1349325802941559, -0.11617365909577246]"
011790.KS,"['042700.KS', '361610.KS', '096770.KS', '000660.KS', '402340.KS']","[0.6232592822881997, 0.5866659669455598, 0.5765446863877899, 0.5483906776834528, 0.5248625533904365]","['294870.KS', '047810.KS', '089860.KS', '000720.KS', '272210.KS']","[-0.17549736876411942, -0.150541426885977, -0.12624540636291354, -0.12016164328668584, -0.1011448404975642]"
012330.KS,"['039490.KS', '086790.KS', '030000.KS', '175330.KS', '011210.KS']","[0.5793366574962427, 0.5307906116816997, 0.5273497348624611, 0.5049879472410405, 0.5048771333721778]","['017960.KS', '111770.KS', '062040.KS', '006260.KS', '042660.KS']","[-0.13501301064646606, -0.10734904762387527, -0.09861867096398189, -0.08231203877063314, -0.07579561801843437]"
012450.KS,"['079550.KS', '047810.KS', '272210.KS', '003570.KS', '011170.KS']","[0.6206383676389596, 0.6031295960553668, 0.5348446170166872, 0.4961834370763206, 0.4420576422968042]","['068270.KS', '073240.KS', '030200.KS', '111770.KS', '035720.KS']","[-0.30794257475612, -0.25515461303572107, -0.21850762567398038, -0.21597109349041016, -0.20797058665864437]"
012510.KS,"['018670.KS', '035420.KS', '009420.KS', '326030.KS', '088980.KS']","[0.46006656850123306, 0.3496180493062443, 0.3430689605388473, 0.34198821916683325, 0.33723977662620264]","['300720.KS', '009450.KS', '138040.KS', '457190.KS', '330590.KS']","[-0.23194811684637456, -0.22221981407847863, -0.21095284502315487, -0.2076910784843406, -0.17020361241312584]"
012630.KS,"['294870.KS', '034230.KS', '006040.KS', '001040.KS', '282330.KS']","[0.558418703386751, 0.4795916519791085, 0.4699354629502737, 0.4671532457443802, 0.38417597074689236]","['051910.KS', '138040.KS', '204320.KS', '373220.KS', '066970.KS']","[-0.2848137805680387, -0.2785923606646456, -0.23117544275087143, -0.20157116680265966, -0.19645092162607786]"
012750.KS,"['001450.KS', '034730.KS', '000270.KS', '402340.KS', '009150.KS']","[0.4889660077264062, 0.4051934719694612, 0.399458166922171, 0.3910861446909138, 0.390161038186648]","['035420.KS', '272210.KS', '089860.KS', '064350.KS', '267270.KS']","[-0.2413961630559999, -0.24060495965817338, -0.19460200575303163, -0.16572732692012648, -0.14166170497307465]"
014680.KS,"['000990.KS', '022100.KS', '011170.KS', '020150.KS', '402340.KS']","[0.675214388485734, 0.6590545406328238, 0.5920406124342926, 0.5910287307742851, 0.5739398610293936]","['207940.KS', '395400.KS', '012510.KS', '259960.KS', '010130.KS']","[-0.18660050594251182, -0.08966149805635389, -0.056149548483088105, -0.046054198518235535, -0.0343240358337102]"
015760.KS,"['375500.KS', '003490.KS', '454910.KS', '016360.KS', '032640.KS']","[0.5586314567476899, 0.48845937940251855, 0.48542272293689886, 0.41812026748813835, 0.400860142266728]","['069620.KS', '010950.KS', '051900.KS', '298020.KS', '042660.KS']","[-0.24297841325521144, -0.2016316373725998, -0.1880421721564414, -0.17016440236381858, -0.15087381253838716]"
016360.KS,"['071050.KS', '039490.KS', '006800.KS', '005940.KS', '086790.KS']","[0.7680760139868196, 0.7622470635104263, 0.7435309234495195, 0.7257833427049424, 0.6994332267250558]","['042660.KS', '011170.KS', '373220.KS', '051910.KS', '012450.KS']","[-0.13306700475299277, -0.10165122939446627, -0.10147835880223077, -0.0898019198331791, -0.08239068289011178]"
017670.KS,"['036570.KS', '052690.KS', '086280.KS', '008930.KS', '018260.KS']","[0.4453783221542867, 0.4176757040970398, 0.35845533986242845, 0.3567056158585956, 0.3561561803955602]","['298020.KS', '009450.KS', '103590.KS', '069620.KS', '352820.KS']","[-0.31048930801719005, -0.2088574257695519, -0.1756118732727977, -0.14729770171487946, -0.14307641242019686]"
017800.KS,"['062040.KS', '088350.KS', '051600.KS', '002790.KS', '012630.KS']","[0.446183222846592, 0.4120847472406685, 0.3886092202115487, 0.38703667041320944, 0.3771285189547606]","['395400.KS', '005490.KS', '005935.KS', '051910.KS', '010060.KS']","[-0.29449368642031665, -0.22265183622933002, -0.20882807405862275, -0.2034892449869695, -0.20119138869622774]"
017960.KS,"['071970.KS', '010620.KS', '009540.KS', '329180.KS', '001040.KS']","[0.49833126701191954, 0.4466658342861947, 0.38236159715954565, 0.37925498008459024, 0.37287690938504214]","['026960.KS', '073240.KS', '021240.KS', '271560.KS', '298020.KS']","[-0.3852550693017522, -0.30180737410278247, -0.26300237679454574, -0.25618401285374565, -0.24302124657816446]"
018260.KS,"['035420.KS', '323410.KS', '039490.KS', '005830.KS', '016360.KS']","[0.703979321973219, 0.5400045504894085, 0.532773581990306, 0.5316372403984813, 0.5166062024829322]","['010130.KS', '007660.KS', '082740.KS', '443060.KS', '004020.KS']","[-0.11874627509091339, -0.11741353257729076, -0.08769374301506151, -0.08750892501914073, -0.08470171383580548]"
018670.KS,"['012510.KS', '022100.KS', '000080.KS', '192080.KS', '036570.KS']","[0.46006656850123306, 0.444247517842792, 0.4348181461633909, 0.4019946876704923, 0.3956901081971834]","['329180.KS', '042660.KS', '010620.KS', '009540.KS', '352820.KS']","[-0.20346071420100595, -0.1666817392960993, -0.15747072218410804, -0.14684973950170152, -0.1387494829713962]"
018880.KS,"['073240.KS', '161390.KS', '081660.KS', '096770.KS', '005387.KS']","[0.5737960807915109, 0.5278903187163878, 0.468029824233497, 0.46018634729856445, 0.4526296344997932]","['003570.KS', '000720.KS', '009970.KS', '079550.KS', '272210.KS']","[-0.2316851452564038, -0.22978847652877765, -0.16832352237430076, -0.15957524224610506, -0.1568774944111735]"
020150.KS,"['022100.KS', '005070.KS', '361610.KS', '011170.KS', '006400.KS']","[0.7097682969087209, 0.6989020004053083, 0.6942114818961449, 0.6548683361683915, 0.6411818916980383]","['010130.KS', '267260.KS', '030200.KS', '010620.KS', '089860.KS']","[-0.18225721865859634, -0.15906763680759667, -0.13343533876042254, -0.09956564189609837, -0.09102060419676583]"
020560.KS,"['003490.KS', '036460.KS', '006040.KS', '395400.KS', '000810.KS']","[0.6509326192007628, 0.5042113277301767, 0.4684320744639069, 0.4497003920116156, 0.4380923227272868]","['010130.KS', '007660.KS', '042660.KS', '006260.KS', '329180.KS']","[-0.27126254981185277, -0.13588064898142124, -0.09914983331003413, -0.09635139310730584, -0.08477789619852648]"
021240.KS,"['010120.KS', '005387.KS', '298040.KS', '071050.KS', '005940.KS']","[0.46805973454822625, 0.3806822403471902, 0.37688978877582713, 0.36647519954479113, 0.3608431806825451]","['017960.KS', '036460.KS', '010620.KS', '069620.KS', '047050.KS']","[-0.26300237679454574, -0.2320571481662203, -0.2156550610817122, -0.20208869753137837, -0.18703362524750133]"
022100.KS,"['003670.KS', '020150.KS', '450080.KS', '361610.KS', '005070.KS']","[0.7305461703764622, 0.7097682969087209, 0.7062245293841511, 0.6890535113943226, 0.6817658261263891]","['042660.KS', '329180.KS', '352820.KS', '017800.KS', '443060.KS']","[-0.18002238969870699, -0.15472157830646957, -0.13549817977989875, -0.10011379137732972, -0.09470075979629103]"
023530.KS,"['004170.KS', '139480.KS', '004990.KS', '069960.KS', '011170.KS']","[0.6526411316690061, 0.6065379045354468, 0.5461338636009927, 0.5160153548577009, 0.41846196294391486]","['204320.KS', '052690.KS', '329180.KS', '010130.KS', '032830.KS']","[-0.22844212165316372, -0.176902312192563, -0.17176522781909245, -0.14899762288717758, -0.13847089121946934]"
024110.KS,"['029780.KS', '139130.KS', '005940.KS', '316140.KS', '138930.KS']","[0.8129321041290701, 0.7292631514925287, 0.7108536341837517, 0.7093111819207188, 0.7062168217017861]","['012450.KS', '009450.KS', '267270.KS', '042660.KS', '373220.KS']","[-0.07306159544777183, -0.05921179067296429, -0.05004655579149173, -0.03725631182359701, -0.016087162901013575]"
026960.KS,"['073240.KS', '192080.KS', '035250.KS', '462870.KS', '001800.KS']","[0.4990430004148714, 0.4526076998717886, 0.4319887180853696, 0.423829879047397, 0.41841995408974875]","['329180.KS', '017960.KS', '042660.KS', '082740.KS', '071970.KS']","[-0.3868058465323734, -0.3852550693017522, -0.33926953036791635, -0.28616186069102356, -0.2529042548301448]"
028050.KS,"['010950.KS', '005930.KS', '078930.KS', '097950.KS', '011210.KS']","[0.5587932880225354, 0.5069708840874041, 0.5067764556890378, 0.5037428184756992, 0.5010306926797377]","['010130.KS', '009450.KS', '012510.KS', '267270.KS', '326030.KS']","[-0.23325289156905768, -0.15728860342508874, -0.15588519391412428, -0.12172325545158325, -0.07604326005704731]"
028260.KS,"['032830.KS', '000810.KS', '006360.KS', '078930.KS', '055550.KS']","[0.7162208947168759, 0.6361171105744249, 0.5502026029136692, 0.5353626982212827, 0.5227140240160554]","['026960.KS', '267270.KS', '192820.KS', '066970.KS', '073240.KS']","[-0.167422451124259, -0.14289856656208122, -0.10635983140785103, -0.0962059982541684, -0.08854605112139342]"
028670.KS,"['011200.KS', '004020.KS', '361610.KS', '034230.KS', '011170.KS']","[0.6082119760564125, 0.5792989898280702, 0.5492263400877652, 0.5392248504555803, 0.5267154566037433]","['010130.KS', '010620.KS', '030200.KS', '192080.KS', '007660.KS']","[-0.2934898103372554, -0.0972586510429399, -0.09029982714792037, -0.08701894065275695, -0.08323226371142611]"
029780.KS,"['024110.KS', '138930.KS', '005940.KS', '000810.KS', '139130.KS']","[0.8129321041290701, 0.6188778673809898, 0.6150377313307225, 0.5979690989289087, 0.5821468558673637]","['298020.KS', '009450.KS', '267270.KS', '062040.KS', '000150.KS']","[-0.2379308312473713, -0.22452302930345802, -0.17727324229021837, -0.15459672070826905, -0.15008617848918013]"
030000.KS,"['007070.KS', '000080.KS', '039490.KS', '016360.KS', '012330.KS']","[0.6132811515561082, 0.5977707110720037, 0.5607613766476179, 0.5327348450796277, 0.5273497348624611]","['042660.KS', '329180.KS', '082740.KS', '017960.KS', '395400.KS']","[-0.3188765388924657, -0.2307874447158762, -0.14225426969177918, -0.12064788198048083, -0.11724225410249355]"
030200.KS,"['139130.KS', '032640.KS', '138930.KS', '073240.KS', '175330.KS']","[0.5131876832694513, 0.4638600503452433, 0.4491358300260668, 0.43159694959197636, 0.41611983128402125]","['003230.KS', '042660.KS', '000150.KS', '064350.KS', '000990.KS']","[-0.39653362914510243, -0.3248858052725306, -0.31963540446149363, -0.247758901325708, -0.22982826430605272]"
032640.KS,"['000810.KS', '029780.KS', '139130.KS', '024110.KS', '030200.KS']","[0.4991171535469622, 0.4870175242789336, 0.4762954241472848, 0.4712151417983441, 0.4638600503452433]","['298020.KS', '009420.KS', '042660.KS', '000150.KS', '009450.KS']","[-0.2992015759874426, -0.2453267174242511, -0.23092328146442578, -0.21036944101974053, -0.19026700821326462]"
032830.KS,"['028260.KS', '000810.KS', '034730.KS', '001450.KS', '005830.KS']","[0.7162208947168759, 0.7141554574409258, 0.5347250864120343, 0.5153537278091281, 0.4928880605591453]","['267270.KS', '298020.KS', '023530.KS', '042660.KS', '103590.KS']","[-0.22988116261357455, -0.14588309290618368, -0.13847089121946934, -0.12881023710679718, -0.12648803157295938]"
033780.KS,"['034230.KS', '055550.KS', '161390.KS', '078930.KS', '175330.KS']","[0.5428422596653716, 0.49504886555461997, 0.46246353500799625, 0.4313180907902157, 0.40035430016805257]","['011790.KS', '003570.KS', '112610.KS', '012450.KS', '020150.KS']","[-0.09963414180485661, -0.07755673791360768, -0.07533663246597976, -0.04921713971705391, -0.04532378286671113]"
034020.KS,"['052690.KS', '051600.KS', '000720.KS', '000150.KS', '001440.KS']","[0.6832971866662206, 0.57488895487165, 0.5748613271138839, 0.5511147298401389, 0.5012802509352983]","['259960.KS', '192080.KS', '280360.KS', '073240.KS', '373220.KS']","[-0.2591807498227193, -0.17176348207193917, -0.12959147322294937, -0.12595922899736428, -0.10879386202341106]"
034220.KS,"['005380.KS', '011070.KS', '066570.KS', '005385.KS', '005387.KS']","[0.5917666437175082, 0.58749979556691, 0.585747982295269, 0.5705654675441689, 0.5507218479481271]","['017800.KS', '294870.KS', '259960.KS', '012630.KS', '375500.KS']","[-0.19065076855071467, -0.18279897258958402, -0.18240737773162208, -0.15349458746136932, -0.13891403722373577]"
034230.KS,"['069960.KS', '033780.KS', '028670.KS', '001720.KS', '008770.KS']","[0.5431406541082224, 0.5428422596653716, 0.5392248504555803, 0.5072661995378056, 0.501939265236472]","['329180.KS', '064350.KS', '272210.KS', '042660.KS', '443060.KS']","[-0.20308831241042963, -0.18340398541928882, -0.16162343161308818, -0.15751446084150342, -0.13445283393512394]"
034730.KS,"['003090.KS', '088350.KS', '002380.KS', '071050.KS', '006800.KS']","[0.70446705226223, 0.6889699735174378, 0.6739017234124657, 0.6559953329327038, 0.6475894612470017]","['267270.KS', '272210.KS', '010130.KS', '047810.KS', '011200.KS']","[-0.041484033916010646, -0.04109434032238167, -0.0227246377642516, -0.015675237200271214, -0.01398395796267501]"
035250.KS,"['073240.KS', '139130.KS', '003690.KS', '003550.KS', '096770.KS']","[0.5195049614719978, 0.45736696879281913, 0.4430456394990559, 0.4407945631435588, 0.4330249264852936]","['329180.KS', '042660.KS', '017960.KS', '012450.KS', '352820.KS']","[-0.21311206839606311, -0.17686547225368307, -0.14996198181067955, -0.14524482961840696, -0.1373208286923788]"
035420.KS,"['018260.KS', '035720.KS', '051600.KS', '002790.KS', '323410.KS']","[0.703979321973219, 0.6301960775662445, 0.4993253280455585, 0.49742445308705024, 0.496915081616378]","['012750.KS', '007660.KS', '330590.KS', '395400.KS', '047050.KS']","[-0.2413961630559999, -0.15928937669171894, -0.13742762698584074, -0.09894748255254737, -0.09410803601426651]"
035720.KS,"['377300.KS', '323410.KS', '035420.KS', '018260.KS', '089860.KS']","[0.7491020795097215, 0.7202693277428995, 0.6301960775662445, 0.4682774544417987, 0.42130947064629043]","['036460.KS', '012450.KS', '009450.KS', '010620.KS', '300720.KS']","[-0.28193339474780404, -0.20797058665864437, -0.18936147373748485, -0.17236298900854646, -0.1635480616916665]"
036460.KS,"['047050.KS', '005490.KS', '105560.KS', '066570.KS', '020560.KS']","[0.6796548217010892, 0.5981716847678722, 0.5231030641458625, 0.5177616199495458, 0.5042113277301767]","['010130.KS', '035720.KS', '021240.KS', '323410.KS', '298040.KS']","[-0.33395045696808046, -0.28193339474780404, -0.2320571481662203, -0.22944054491558555, -0.22581725459348492]"
036570.KS,"['000080.KS', '096770.KS', '073240.KS', '017670.KS', '068270.KS']","[0.47573340828283434, 0.47213285210588724, 0.46085825778969663, 0.4453783221542867, 0.42927013591691854]","['103590.KS', '241560.KS', '042660.KS', '012450.KS', '009450.KS']","[-0.20410609734214466, -0.1930318455993753, -0.1903283186582878, -0.18119088524642088, -0.1488014708850001]"
039490.KS,"['071050.KS', '016360.KS', '006800.KS', '086790.KS', '316140.KS']","[0.7654997768278219, 0.7622470635104263, 0.7437778919813337, 0.6679603166744237, 0.6597674191998959]","['042660.KS', '259960.KS', '017960.KS', '010130.KS', '012510.KS']","[-0.14521373683771743, -0.07370189010129467, -0.07314763786876849, -0.025964673627014247, -0.012756950304460106]"
042660.KS,"['329180.KS', '272210.KS', '082740.KS', '010140.KS', '003570.KS']","[0.6689904851003644, 0.6538736285418899, 0.5142869347836744, 0.47538576274733707, 0.41081589480395025]","['008770.KS', '069960.KS', '259960.KS', '026960.KS', '030200.KS']","[-0.39140729937518154, -0.3542690781686864, -0.3528319523164003, -0.33926953036791635, -0.3248858052725306]"
042670.KS,"['267270.KS', '071970.KS', '272210.KS', '035420.KS', '082740.KS']","[0.8040335462955601, 0.4900280044356787, 0.4754883236249225, 0.45644239269465453, 0.45348123040317667]","['259960.KS', '069620.KS', '029780.KS', '000100.KS', '012750.KS']","[-0.31324206919462266, -0.14240272282988706, -0.12453447908144989, -0.11556539115643231, -0.10247132589799608]"
042700.KS,"['000660.KS', '402340.KS', '011790.KS', '014680.KS', '039490.KS']","[0.7060800762071264, 0.6555953720842559, 0.6232592822881997, 0.5375932381977301, 0.49007453726503464]","['139480.KS', '012510.KS', '294870.KS', '010130.KS', '030200.KS']","[-0.22993162347434695, -0.13798303921995062, -0.12747805094966957, -0.1100694667468797, -0.10091227431684878]"
047040.KS,"['006360.KS', '000720.KS', '028260.KS', '000880.KS', '294870.KS']","[0.7326425913172013, 0.4944837375825101, 0.43939532008882454, 0.40782224161452213, 0.3935348035511984]","['192080.KS', '009450.KS', '373220.KS', '034220.KS', '443060.KS']","[-0.14989401458214296, -0.13224913645084543, -0.11795133476583236, -0.11237589384344802, -0.10536500160242755]"
047050.KS,"['005490.KS', '036460.KS', '004020.KS', '051910.KS', '361610.KS']","[0.7243601803582654, 0.6796548217010892, 0.6002931817380831, 0.5502256233507519, 0.547475480935559]","['010130.KS', '021240.KS', '298040.KS', '103590.KS', '089860.KS']","[-0.2702533525109523, -0.18703362524750133, -0.17112091724790274, -0.14693497102287525, -0.12240458252168433]"
047810.KS,"['012450.KS', '272210.KS', '003570.KS', '079550.KS', '103140.KS']","[0.6031295960553668, 0.5622711307390238, 0.49991643358076626, 0.4904904467423621, 0.46396166005667216]","['326030.KS', '137310.KS', '207940.KS', '111770.KS', '112610.KS']","[-0.3397642638419082, -0.23127171166092736, -0.2093471329244976, -0.17150672092895977, -0.15089367844814258]"
051600.KS,"['052690.KS', '034020.KS', '039490.KS', '001440.KS', '035420.KS']","[0.6789812615028361, 0.57488895487165, 0.5389472390492396, 0.5150456912197914, 0.4993253280455585]","['395400.KS', '010060.KS', '081660.KS', '007340.KS', '000100.KS']","[-0.2599487315349228, -0.17790213032205637, -0.17480781559997793, -0.14306469095045735, -0.140443551488082]"
051900.KS,"['298020.KS', '022100.KS', '450080.KS', '011780.KS', '005070.KS']","[0.599761388362212, 0.5307529788246768, 0.5249754723474411, 0.4158774051549785, 0.41432839904592755]","['015760.KS', '032640.KS', '300720.KS', '030200.KS', '042660.KS']","[-0.1880421721564414, -0.1811327897547068, -0.1624698172740087, -0.15506506652949975, -0.15251541974024718]"
051910.KS,"['005490.KS', '004020.KS', '373220.KS', '011170.KS', '096770.KS']","[0.8399266463395032, 0.6788599168994454, 0.6783801597679632, 0.6510564560585305, 0.6290223015824125]","['012630.KS', '352820.KS', '267260.KS', '375500.KS', '294870.KS']","[-0.2848137805680387, -0.24290395793052147, -0.23890316763717923, -0.22980422492194988, -0.2288681975369522]"
052690.KS,"['034020.KS', '051600.KS', '001440.KS', '103140.KS', '039490.KS']","[0.6832971866662206, 0.6789812615028361, 0.6061184367328635, 0.5829789207688365, 0.48915565702082126]","['023530.KS', '081660.KS', '010130.KS', '004370.KS', '089860.KS']","[-0.176902312192563, -0.17394913794860387, -0.12981477584535617, -0.12151801742648022, -0.11181063550251648]"
055550.KS,"['105560.KS', '316140.KS', '086790.KS', '071050.KS', '139130.KS']","[0.7869121741711856, 0.7494240076532245, 0.7364582532976881, 0.6122083589095118, 0.6036580398471014]","['012450.KS', '192820.KS', '042660.KS', '272210.KS', '462870.KS']","[-0.11424943629137815, -0.08324231418550486, -0.07419351999489014, -0.059225449106035395, -0.04141582046307205]"
062040.KS,"['298040.KS', '103590.KS', '010120.KS', '001440.KS', '017800.KS']","[0.5680970473918456, 0.5185575904767633, 0.49761811680854684, 0.4501532245847956, 0.446183222846592]","['030200.KS', '006400.KS', '280360.KS', '029780.KS', '395400.KS']","[-0.19536461132473232, -0.1879182319997119, -0.17736434702357656, -0.15459672070826905, -0.15255685695970758]"
064350.KS,"['003570.KS', '079550.KS', '103140.KS', '000990.KS', '272210.KS']","[0.6631345408977088, 0.5432331249833708, 0.5103516109164975, 0.4346355686819087, 0.4256106401006934]","['073240.KS', '030200.KS', '081660.KS', '003490.KS', '180640.KS']","[-0.27852462009878726, -0.247758901325708, -0.21155955744793037, -0.2111821456608112, -0.1881508604404687]"
066570.KS,"['005387.KS', '005935.KS', '005850.KS', '005385.KS', '034220.KS']","[0.66821814485244, 0.6173864928159258, 0.6169452352012719, 0.5951590697868152, 0.585747982295269]","['010130.KS', '003230.KS', '009450.KS', '001720.KS', '294870.KS']","[-0.1500652969267154, -0.12390590829671375, -0.12375735435367394, -0.10034958573897006, -0.09251580615502705]"
066970.KS,"['005070.KS', '003670.KS', '450080.KS', '361610.KS', '373220.KS']","[0.7774202966306928, 0.7249005758205408, 0.6979932620992506, 0.6626865287438062, 0.6457832548306635]","['294870.KS', '012630.KS', '375500.KS', '009970.KS', '443060.KS']","[-0.25602306767251026, -0.19645092162607786, -0.16769235260183651, -0.16683759657996158, -0.16065193171750333]"
068270.KS,"['096770.KS', '005490.KS', '006280.KS', '010950.KS', '185750.KS']","[0.5592803324808463, 0.5353619825602888, 0.5240903857639257, 0.5215958592057094, 0.5126799709423026]","['012450.KS', '272210.KS', '000150.KS', '047810.KS', '443060.KS']","[-0.30794257475612, -0.18883684238291853, -0.17289904044036947, -0.14915833655836863, -0.13562209244797246]"
069620.KS,"['003090.KS', '000100.KS', '128940.KS', '326030.KS', '009420.KS']","[0.6333100507383679, 0.48989245414165494, 0.479910730162335, 0.47437583377952725, 0.4523695953103123]","['015760.KS', '021240.KS', '042660.KS', '017670.KS', '272210.KS']","[-0.24297841325521144, -0.20208869753137837, -0.17485977543461292, -0.14729770171487946, -0.1451144169168991]"
069960.KS,"['004170.KS', '008770.KS', '034230.KS', '023530.KS', '383220.KS']","[0.7753745389045329, 0.6025481551941915, 0.5431406541082224, 0.5160153548577009, 0.48283127550643107]","['329180.KS', '042660.KS', '082740.KS', '443060.KS', '272210.KS']","[-0.4251255633409418, -0.3542690781686864, -0.3073864346101569, -0.18938014470347825, -0.17463093087115705]"
071050.KS,"['006800.KS', '005940.KS', '016360.KS', '039490.KS', '086790.KS']","[0.8294215820325654, 0.8169490207387897, 0.7680760139868196, 0.7654997768278219, 0.73668146381004]","['042660.KS', '017960.KS', '012450.KS', '047810.KS', '036460.KS']","[-0.1372953848608322, -0.07181007088841729, -0.05919885259432129, -0.040000288709999235, -0.026315864807749247]"
071970.KS,"['082740.KS', '009540.KS', '329180.KS', '443060.KS', '017960.KS']","[0.7430887644934958, 0.6336155320246487, 0.563277203282667, 0.5506257558349987, 0.49833126701191954]","['026960.KS', '011200.KS', '089860.KS', '138040.KS', '051910.KS']","[-0.2529042548301448, -0.20034564957306203, -0.17445733676360642, -0.14548811426245833, -0.13176824554659397]"
073240.KS,"['018880.KS', '096770.KS', '035250.KS', '026960.KS', '112610.KS']","[0.5737960807915109, 0.5401927948446563, 0.5195049614719978, 0.4990430004148714, 0.4944076071964909]","['267260.KS', '017960.KS', '000150.KS', '064350.KS', '012450.KS']","[-0.3252822725267591, -0.30180737410278247, -0.2851840008526706, -0.27852462009878726, -0.25515461303572107]"
078930.KS,"['004990.KS', '002380.KS', '034730.KS', '006360.KS', '001800.KS']","[0.6574848734829395, 0.6345268864138844, 0.6017744920548119, 0.5884883067720877, 0.5848778383661128]","['009450.KS', '111770.KS', '352820.KS', '267270.KS', '259960.KS']","[-0.0916854696593899, -0.07536984614266633, -0.06937271985031987, -0.06864791681938193, -0.05568176797367986]"
079550.KS,"['003570.KS', '012450.KS', '272210.KS', '103140.KS', '064350.KS']","[0.6649821546860838, 0.6206383676389596, 0.6018655764848808, 0.5525015180523546, 0.5432331249833708]","['081660.KS', '030200.KS', '018880.KS', '395400.KS', '073240.KS']","[-0.258139239590042, -0.20181217199612583, -0.15957524224610506, -0.13651523160210693, -0.12668368930878843]"
081660.KS,"['395400.KS', '018880.KS', '005935.KS', '073240.KS', '051910.KS']","[0.48017644443095286, 0.468029824233497, 0.4189901898840858, 0.3917435413344144, 0.38722564238790697]","['003570.KS', '079550.KS', '267260.KS', '010130.KS', '064350.KS']","[-0.2667373242928847, -0.258139239590042, -0.2459243597196093, -0.23906757152092753, -0.21155955744793037]"
082740.KS,"['071970.KS', '329180.KS', '009540.KS', '443060.KS', '042660.KS']","[0.7430887644934958, 0.6353222440417712, 0.5988289362924116, 0.525827452598087, 0.5142869347836744]","['069960.KS', '026960.KS', '089860.KS', '259960.KS', '111770.KS']","[-0.3073864346101569, -0.28616186069102356, -0.26561491281915073, -0.22979638667221086, -0.1913334623858796]"
086280.KS,"['012330.KS', '454910.KS', '003550.KS', '051600.KS', '039490.KS']","[0.4578258562068712, 0.43736229852554065, 0.42953681545198075, 0.42580544906283246, 0.4251466017624775]","['003230.KS', '042660.KS', '010130.KS', '009450.KS', '139480.KS']","[-0.11961278929873612, -0.09861764853856894, -0.09513235623010455, -0.07967235352964436, -0.07244283991068513]"
086790.KS,"['316140.KS', '105560.KS', '071050.KS', '055550.KS', '139130.KS']","[0.7516314899314728, 0.7369602714126073, 0.73668146381004, 0.7364582532976881, 0.7100938586488439]","['042660.KS', '192820.KS', '017960.KS', '062040.KS', '012450.KS']","[-0.2100162986814071, -0.14346431448294225, -0.12503871163409305, -0.09234011275649229, -0.08639123412390591]"
088350.KS,"['004990.KS', '034730.KS', '005940.KS', '071050.KS', '003090.KS']","[0.7123058079794234, 0.6889699735174378, 0.6865003133745773, 0.680460447503047, 0.6798051042475117]","['267270.KS', '081660.KS', '017960.KS', '272210.KS', '042660.KS']","[-0.08179673867037777, -0.06906762836326528, -0.027066102301659085, -0.01366544864362099, -0.008336114643281095]"
088980.KS,"['020150.KS', '383220.KS', '079550.KS', '023530.KS', '004170.KS']","[0.49416611650706005, 0.4427978819701172, 0.43709932465778173, 0.40663056424829686, 0.40411893810162325]","['010130.KS', '267260.KS', '015760.KS', '000270.KS', '009450.KS']","[-0.26643190400174305, -0.1469801866134637, -0.13793041663993408, -0.12434132670601795, -0.1212121996947042]"
089860.KS,"['323410.KS', '035720.KS', '251270.KS', '069960.KS', '005940.KS']","[0.44229368689639853, 0.42130947064629043, 0.4158753840130697, 0.4149911216574439, 0.4128239105709911]","['329180.KS', '042660.KS', '009450.KS', '082740.KS', '204320.KS']","[-0.35247126709396537, -0.3140056411881438, -0.2889107758831558, -0.26561491281915073, -0.2320991403113531]"
090430.KS,"['002790.KS', '383220.KS', '302440.KS', '192820.KS', '161890.KS']","[0.8292432508130457, 0.5799726106745869, 0.549764438531605, 0.5176450292146421, 0.5075731861122174]","['010130.KS', '017670.KS', '375500.KS', '030200.KS', '326030.KS']","[-0.27168445688833687, -0.13907051742577706, -0.11587264899551766, -0.09878436853735284, -0.08615181947657546]"
096770.KS,"['361610.KS', '005490.KS', '003670.KS', '010950.KS', '051910.KS']","[0.7151682328056864, 0.7025993818036914, 0.6496266014904916, 0.6488684377483663, 0.6290223015824125]","['042660.KS', '272210.KS', '329180.KS', '000720.KS', '294870.KS']","[-0.27191071638053527, -0.23854889353944914, -0.18761528837932456, -0.1592147827637534, -0.1589506559499596]"
097950.KS,"['007310.KS', '271560.KS', '005490.KS', '003550.KS', '280360.KS']","[0.6478690972268547, 0.6316435063447204, 0.6291916917355068, 0.6087083954156569, 0.576930966914081]","['009420.KS', '009450.KS', '010130.KS', '298040.KS', '000150.KS']","[-0.26208037204939755, -0.18005496293839374, -0.16212077613757037, -0.16183088182146582, -0.1314175287641989]"
103140.KS,"['052690.KS', '079550.KS', '064350.KS', '001440.KS', '039490.KS']","[0.5829789207688365, 0.5525015180523546, 0.5103516109164975, 0.508317123376931, 0.4926867352175796]","['395400.KS', '180640.KS', '081660.KS', '018880.KS', '073240.KS']","[-0.2281084835850005, -0.19871789211310067, -0.17644962248028195, -0.1561596863392237, -0.14901317007391965]"
103590.KS,"['298040.KS', '241560.KS', '267260.KS', '000150.KS', '062040.KS']","[0.588884995045891, 0.5813040371384658, 0.5248383746746398, 0.5203208890051954, 0.5185575904767633]","['036570.KS', '000080.KS', '204320.KS', '005380.KS', '017670.KS']","[-0.20410609734214466, -0.18903647058058076, -0.1859347483026396, -0.17617110389492766, -0.1756118732727977]"
105560.KS,"['055550.KS', '086790.KS', '316140.KS', '175330.KS', '024110.KS']","[0.7869121741711856, 0.7369602714126073, 0.6359171848886807, 0.5466004963431886, 0.5427640491364458]","['042660.KS', '003230.KS', '012450.KS', '272210.KS', '192820.KS']","[-0.19885880865860972, -0.12653718657202948, -0.1125765695220645, -0.11063359944339679, -0.07096440930565431]"
111770.KS,"['009970.KS', '071050.KS', '180640.KS', '006800.KS', '000720.KS']","[0.5448049202571398, 0.4114506334863727, 0.4022332795305092, 0.35527878524809825, 0.34542689310922126]","['329180.KS', '443060.KS', '373220.KS', '012450.KS', '042660.KS']","[-0.25675956046564796, -0.24517593315139916, -0.22798494132571648, -0.21597109349041016, -0.21414407424703602]"
112610.KS,"['009830.KS', '180640.KS', '073240.KS', '010060.KS', '267250.KS']","[0.5934763030267568, 0.4951619997644686, 0.4944076071964909, 0.4802403416383654, 0.4792327380447789]","['042660.KS', '272210.KS', '003690.KS', '047810.KS', '294870.KS']","[-0.2409563911740706, -0.20145847024448904, -0.15931663906583618, -0.15089367844814258, -0.14551789389203496]"
128940.KS,"['008930.KS', '069620.KS', '185750.KS', '009420.KS', '079550.KS']","[0.48560266980231476, 0.479910730162335, 0.47693472720426694, 0.4695206493328281, 0.4443880661379847]","['026960.KS', '373220.KS', '204320.KS', '000270.KS', '007340.KS']","[-0.1744977306764809, -0.15630448137169473, -0.12547826568598447, -0.0987105308916526, -0.09157740956428229]"
137310.KS,"['006360.KS', '047040.KS', '180640.KS', '008770.KS', '007070.KS']","[0.4821414703801671, 0.36305163460533607, 0.3597924191429401, 0.3575809897705602, 0.3486533319799468]","['007660.KS', '047810.KS', '010130.KS', '271560.KS', '192080.KS']","[-0.27595500484166874, -0.23127171166092736, -0.22648928251832065, -0.22384078827963735, -0.19371654818742184]"
138040.KS,"['316140.KS', '450080.KS', '139130.KS', '005850.KS', '020560.KS']","[0.4656963251921377, 0.44312875738456864, 0.42321884755947, 0.4048765423462361, 0.4030854796114655]","['012630.KS', '012510.KS', '009970.KS', '017960.KS', '443060.KS']","[-0.2785923606646456, -0.21095284502315487, -0.18105304142902237, -0.17302671902756692, -0.17105727500296627]"
138930.KS,"['139130.KS', '024110.KS', '005940.KS', '086790.KS', '175330.KS']","[0.7685442228030952, 0.7062168217017861, 0.687126508929241, 0.6849264285014448, 0.6576579616614494]","['042660.KS', '012450.KS', '329180.KS', '272210.KS', '267270.KS']","[-0.21868507531233608, -0.20378377413763527, -0.18548261035470273, -0.13612555985478478, -0.121867587929578]"
139130.KS,"['005940.KS', '138930.KS', '316140.KS', '024110.KS', '086790.KS']","[0.7712785837839725, 0.7685442228030952, 0.7393906735058821, 0.7292631514925287, 0.7100938586488439]","['017960.KS', '042660.KS', '012450.KS', '009450.KS', '329180.KS']","[-0.1753875184111468, -0.14275673026498162, -0.09953087595463689, -0.09471485378025746, -0.09232496729943024]"
139480.KS,"['023530.KS', '004170.KS', '000120.KS', '097950.KS', '192080.KS']","[0.6065379045354468, 0.5587603751478069, 0.4842890690641074, 0.45164191982101176, 0.41244896336687326]","['298040.KS', '042700.KS', '307950.KS', '267260.KS', '111770.KS']","[-0.23553592561569872, -0.22993162347434695, -0.22729157278152107, -0.2235240530090069, -0.19779446659680294]"
161390.KS,"['003550.KS', '018880.KS', '005490.KS', '033780.KS', '028670.KS']","[0.5407005314280993, 0.5278903187163878, 0.4811625952836991, 0.46246353500799625, 0.4601510217094004]","['003570.KS', '064350.KS', '443060.KS', '051600.KS', '003690.KS']","[-0.14791820580759346, -0.09268025399138158, -0.07455071557104408, -0.06250447560686674, -0.0552817407554384]"
161890.KS,"['192820.KS', '090430.KS', '002790.KS', '192080.KS', '001800.KS']","[0.5255191731541738, 0.5075731861122174, 0.48379983385163533, 0.4611243870136493, 0.4492374080952244]","['010130.KS', '009420.KS', '005387.KS', '267260.KS', '042660.KS']","[-0.23570397428723833, -0.147456545934789, -0.12019842483260562, -0.1185586756816379, -0.11160131726612736]"
175330.KS,"['139130.KS', '138930.KS', '024110.KS', '316140.KS', '086790.KS']","[0.6916870305976766, 0.6576579616614494, 0.6191882800615754, 0.610714486303286, 0.6079538470884449]","['009450.KS', '300720.KS', '457190.KS', '017960.KS', '000150.KS']","[-0.13697233341735046, -0.1259725993392844, -0.12217720809686906, -0.11819520431452116, -0.11444692628020622]"
180640.KS,"['011200.KS', '112610.KS', '028670.KS', '006360.KS', '008930.KS']","[0.5205947970720066, 0.4951619997644686, 0.46165314358786114, 0.43289366542863317, 0.4101200183422789]","['192080.KS', '103140.KS', '064350.KS', '012510.KS', '047810.KS']","[-0.266770542722346, -0.19871789211310067, -0.1881508604404687, -0.15596228826317524, -0.13243090911930266]"
185750.KS,"['006280.KS', '001450.KS', '068270.KS', '000100.KS', '036460.KS']","[0.6198427978205585, 0.5395165926917307, 0.5126799709423026, 0.49837334080814244, 0.4889311492389866]","['010130.KS', '012510.KS', '192080.KS', '026960.KS', '373220.KS']","[-0.24269923311077735, -0.14788294506826494, -0.13914896532993995, -0.11671930346349714, -0.10475947826001668]"
192080.KS,"['161890.KS', '001040.KS', '026960.KS', '003550.KS', '088350.KS']","[0.4611243870136493, 0.4560162768918642, 0.4526076998717886, 0.44565580464551596, 0.41645067612823755]","['011200.KS', '042660.KS', '180640.KS', '010140.KS', '137310.KS']","[-0.3445676413117438, -0.2744386092045742, -0.266770542722346, -0.19872852766915422, -0.19371654818742184]"
192820.KS,"['161890.KS', '090430.KS', '004170.KS', '002790.KS', '069960.KS']","[0.5255191731541738, 0.5176450292146421, 0.485069973407045, 0.4812217357943617, 0.4618157220224367]","['207940.KS', '326030.KS', '009420.KS', '030200.KS', '086790.KS']","[-0.26689603214549984, -0.20081740153165534, -0.20063642161109946, -0.17396472169945404, -0.14346431448294225]"
204320.KS,"['096770.KS', '018880.KS', '373220.KS', '011790.KS', '000080.KS']","[0.4855738431228788, 0.4244290086463243, 0.4180656195100688, 0.41432849120685344, 0.3997164184128055]","['000720.KS', '089860.KS', '012630.KS', '023530.KS', '241560.KS']","[-0.28761228725707005, -0.2320991403113531, -0.23117544275087143, -0.22844212165316372, -0.21701156712148703]"
207940.KS,"['326030.KS', '068270.KS', '000100.KS', '069620.KS', '006280.KS']","[0.621805727370538, 0.5092254232100398, 0.43416789468221256, 0.41959454173352373, 0.4191235551828276]","['192820.KS', '047810.KS', '014680.KS', '026960.KS', '011200.KS']","[-0.26689603214549984, -0.2093471329244976, -0.18660050594251182, -0.17209621522954807, -0.17196357308551247]"
241560.KS,"['103590.KS', '016360.KS', '007660.KS', '051600.KS', '000150.KS']","[0.5813040371384658, 0.5176003660344378, 0.5153101529133762, 0.4734510024266391, 0.4358810615929878]","['204320.KS', '036570.KS', '259960.KS', '000080.KS', '036460.KS']","[-0.21701156712148703, -0.1930318455993753, -0.18697555128091287, -0.14081870925055726, -0.1374664856023501]"
251270.KS,"['000120.KS', '005830.KS', '271560.KS', '005385.KS', '001800.KS']","[0.5062727609483131, 0.4863653174684976, 0.44586492364151636, 0.44171627471258323, 0.4396166243088962]","['010140.KS', '267270.KS', '042660.KS', '009450.KS', '082740.KS']","[-0.2436965928776435, -0.24033320524263496, -0.2358998731629039, -0.23198738494527246, -0.08800009557426042]"
259960.KS,"['069620.KS', '000100.KS', '009420.KS', '161890.KS', '330590.KS']","[0.34101127560101413, 0.3361708754943788, 0.3326648025988278, 0.317522453416896, 0.29796916214338026]","['272210.KS', '042660.KS', '000880.KS', '042670.KS', '009450.KS']","[-0.4437875751874767, -0.3528319523164003, -0.31563673421058125, -0.31324206919462266, -0.27101947213389743]"
267250.KS,"['034730.KS', '000880.KS', '003090.KS', '006800.KS', '039490.KS']","[0.6258223930799768, 0.5906834716212297, 0.5903603230136911, 0.5902095758004053, 0.5548001016654762]","['352820.KS', '062040.KS', '259960.KS', '383220.KS', '042660.KS']","[-0.08129010567220035, -0.08027810007926703, -0.07206998273579714, -0.06023934173482267, -0.059904266890456935]"
267260.KS,"['103590.KS', '000150.KS', '010120.KS', '003570.KS', '272210.KS']","[0.5248383746746398, 0.49903134144101513, 0.46463323107323984, 0.44759067207402076, 0.44727513587934986]","['073240.KS', '081660.KS', '051910.KS', '005070.KS', '139480.KS']","[-0.3252822725267591, -0.2459243597196093, -0.23890316763717923, -0.23149844879795128, -0.2235240530090069]"
267270.KS,"['042670.KS', '082740.KS', '071970.KS', '009450.KS', '298040.KS']","[0.8040335462955601, 0.4461671461020466, 0.39856386709915764, 0.3769140831870018, 0.3709070260177355]","['259960.KS', '251270.KS', '032830.KS', '000810.KS', '010130.KS']","[-0.2499956389532108, -0.24033320524263496, -0.22988116261357455, -0.223541066138436, -0.21651063204633958]"
271560.KS,"['007310.KS', '097950.KS', '004370.KS', '280360.KS', '001800.KS']","[0.637565260650055, 0.6316435063447204, 0.5720324530586353, 0.5382424947824381, 0.5309898069638732]","['017960.KS', '137310.KS', '267260.KS', '015760.KS', '010620.KS']","[-0.25618401285374565, -0.22384078827963735, -0.17313594926924233, -0.14316789221848408, -0.13952825216947679]"
272210.KS,"['042660.KS', '079550.KS', '047810.KS', '012450.KS', '003570.KS']","[0.6538736285418899, 0.6018655764848808, 0.5622711307390238, 0.5348446170166872, 0.5099906764805935]","['259960.KS', '006400.KS', '012750.KS', '096770.KS', '005850.KS']","[-0.4437875751874767, -0.26492939220558315, -0.24060495965817338, -0.23854889353944914, -0.23427746972651295]"
278470.KS,"['034230.KS', '033780.KS', '088350.KS', '323410.KS', '008930.KS']","[0.44745119806412476, 0.38738797792387997, 0.3866556162654003, 0.3785829825605059, 0.3769343327012154]","['383220.KS', '012510.KS', '030200.KS', '207940.KS', '090430.KS']","[-0.15425823830752947, -0.15145842000266935, -0.12501719414782383, -0.08618501394994274, -0.07726485626087383]"
280360.KS,"['007310.KS', '005490.KS', '020150.KS', '097950.KS', '004020.KS']","[0.6554524835300877, 0.6432996954498331, 0.6001988915762773, 0.576930966914081, 0.569819555053605]","['009450.KS', '003690.KS', '272210.KS', '010130.KS', '267260.KS']","[-0.2561446974068586, -0.22588260464206944, -0.22079536285026616, -0.21967099801605416, -0.20652509853651022]"
282330.KS,"['007310.KS', '097950.KS', '001800.KS', '002790.KS', '280360.KS']","[0.5603952672221567, 0.5314988169785038, 0.5304105096351003, 0.5133628668406471, 0.4830115474106744]","['010130.KS', '042660.KS', '009450.KS', '009420.KS', '329180.KS']","[-0.23751271358819093, -0.11544809674325111, -0.09506193221646148, -0.0777046225983718, -0.03312006883516762]"
294870.KS,"['012630.KS', '375500.KS', '006360.KS', '000120.KS', '047040.KS']","[0.558418703386751, 0.514501861190385, 0.47937448536725447, 0.4163626736565132, 0.3935348035511984]","['005070.KS', '066970.KS', '051910.KS', '073240.KS', '081660.KS']","[-0.2778020439736658, -0.25602306767251026, -0.2288681975369522, -0.20282762634984283, -0.20272437618218134]"
298020.KS,"['051900.KS', '011170.KS', '004020.KS', '028670.KS', '020150.KS']","[0.599761388362212, 0.5904998794493607, 0.5141991343879301, 0.4949991892206383, 0.467282577749335]","['017670.KS', '032640.KS', '000810.KS', '017960.KS', '029780.KS']","[-0.31048930801719005, -0.2992015759874426, -0.243410126139483, -0.24302124657816446, -0.2379308312473713]"
298040.KS,"['103590.KS', '062040.KS', '006260.KS', '010120.KS', '298020.KS']","[0.588884995045891, 0.5680970473918456, 0.43305399969862035, 0.4292399161605518, 0.4273817866125215]","['139480.KS', '036460.KS', '030200.KS', '010620.KS', '000810.KS']","[-0.23553592561569872, -0.22581725459348492, -0.22255117733776064, -0.22079216574470326, -0.21931895819074607]"
300720.KS,"['007070.KS', '016360.KS', '282330.KS', '017800.KS', '241560.KS']","[0.4844464371356372, 0.40737362956697537, 0.3988700611052476, 0.36629234262221066, 0.34860369700954913]","['012510.KS', '089860.KS', '259960.KS', '377300.KS', '035720.KS']","[-0.23194811684637456, -0.2078235010252448, -0.17852533469574985, -0.16656715902272073, -0.1635480616916665]"
302440.KS,"['090430.KS', '009150.KS', '096770.KS', '002790.KS', '282330.KS']","[0.549764438531605, 0.5371835106402837, 0.5221420969955388, 0.5180932281697669, 0.4689859526193279]","['010130.KS', '047810.KS', '042660.KS', '272210.KS', '454910.KS']","[-0.2240630171617642, -0.14445529510301117, -0.1266209585737961, -0.08452996826371859, -0.03634651997460693]"
307950.KS,"['016360.KS', '402340.KS', '071050.KS', '003550.KS', '018260.KS']","[0.5539038874390639, 0.549375789264706, 0.46312662607890837, 0.46178289492250524, 0.4561378835611419]","['139480.KS', '026960.KS', '051910.KS', '298020.KS', '011170.KS']","[-0.22729157278152107, -0.1453268687768601, -0.14048646882053248, -0.10510978301297329, -0.09490820801157077]"
316140.KS,"['086790.KS', '055550.KS', '139130.KS', '024110.KS', '071050.KS']","[0.7516314899314728, 0.7494240076532245, 0.7393906735058821, 0.7093111819207188, 0.6705855061111782]","['259960.KS', '017960.KS', '192820.KS', '069620.KS', '000100.KS']","[-0.19937608016962502, -0.11642210172706585, -0.07583395470211679, -0.02058495813423463, 0.0006427407325132398]"
323410.KS,"['377300.KS', '035720.KS', '071050.KS', '018260.KS', '016360.KS']","[0.8005737937158829, 0.7202693277428995, 0.6585799648236357, 0.5400045504894085, 0.5304046933122482]","['036460.KS', '081660.KS', '300720.KS', '009450.KS', '443060.KS']","[-0.22944054491558555, -0.1574424804736662, -0.11093013821249702, -0.09177584265798523, -0.06798537958420123]"
326030.KS,"['207940.KS', '000100.KS', '009420.KS', '006280.KS', '069620.KS']","[0.621805727370538, 0.5986410683804767, 0.5724162702659052, 0.4880725785044797, 0.47437583377952725]","['047810.KS', '192820.KS', '011170.KS', '051910.KS', '373220.KS']","[-0.3397642638419082, -0.20081740153165534, -0.1943479892387397, -0.1808327135844998, -0.15963550017487363]"
329180.KS,"['009540.KS', '042660.KS', '082740.KS', '010620.KS', '071970.KS']","[0.7345639876146192, 0.6689904851003644, 0.6353222440417712, 0.6186884298082078, 0.563277203282667]","['069960.KS', '026960.KS', '089860.KS', '008770.KS', '111770.KS']","[-0.4251255633409418, -0.3868058465323734, -0.35247126709396537, -0.33811874327970665, -0.25675956046564796]"
330590.KS,"['395400.KS', '011210.KS', '001450.KS', '005850.KS', '185750.KS']","[0.6332881146325661, 0.4926295117439256, 0.4383148744365992, 0.4316787416284254, 0.42992894134119614]","['010130.KS', '012510.KS', '035420.KS', '062040.KS', '298040.KS']","[-0.32697591320096736, -0.17020361241312584, -0.13742762698584074, -0.09720266710252601, -0.08091931786577974]"
352820.KS,"['008770.KS', '052690.KS', '330590.KS', '034230.KS', '294870.KS']","[0.4355197505805063, 0.3983114176186864, 0.3714950065481779, 0.3586075184750073, 0.33615176168262173]","['007340.KS', '051910.KS', '073240.KS', '280360.KS', '010130.KS']","[-0.28712062517705206, -0.24290395793052147, -0.1801902830409267, -0.17324811054650843, -0.14609619668199644]"
361610.KS,"['005070.KS', '003670.KS', '096770.KS', '450080.KS', '020150.KS']","[0.7811416682376009, 0.7722878483748367, 0.7151682328056864, 0.7138801055437662, 0.6942114818961449]","['443060.KS', '267260.KS', '042660.KS', '010130.KS', '329180.KS']","[-0.21926228294900235, -0.21241301951235758, -0.21116687002019044, -0.21095249543783398, -0.19036294252425956]"
373220.KS,"['051910.KS', '006400.KS', '066970.KS', '096770.KS', '003670.KS']","[0.6783801597679632, 0.6624438594248183, 0.6457832548306635, 0.6222733174612257, 0.6047638550388219]","['375500.KS', '111770.KS', '012630.KS', '294870.KS', '326030.KS']","[-0.29746120202897514, -0.22798494132571648, -0.20157116680265966, -0.17151693126689715, -0.15963550017487363]"
375500.KS,"['015760.KS', '294870.KS', '006360.KS', '016360.KS', '000720.KS']","[0.5586314567476899, 0.514501861190385, 0.5018265415332376, 0.4721319294060996, 0.4232048076897095]","['373220.KS', '051910.KS', '204320.KS', '066970.KS', '005070.KS']","[-0.29746120202897514, -0.22980422492194988, -0.19066790575578857, -0.16769235260183651, -0.15688115333507163]"
377300.KS,"['323410.KS', '035720.KS', '103140.KS', '071050.KS', '089860.KS']","[0.8005737937158829, 0.7491020795097215, 0.47098459927144226, 0.449315331987698, 0.39207502127433574]","['003490.KS', '036460.KS', '009450.KS', '010620.KS', '300720.KS']","[-0.22710316605706612, -0.18485552334540772, -0.18071234807380984, -0.17036574555005118, -0.16656715902272073]"
383220.KS,"['004170.KS', '090430.KS', '011780.KS', '002790.KS', '008770.KS']","[0.5930623676109701, 0.5799726106745869, 0.5651731066414682, 0.5479395274758772, 0.5007411226538065]","['010130.KS', '329180.KS', '042660.KS', '082740.KS', '278470.KS']","[-0.28262774539485225, -0.22531401593520864, -0.1815578283850672, -0.1783921190468638, -0.15425823830752947]"
395400.KS,"['330590.KS', '081660.KS', '020560.KS', '005935.KS', '036460.KS']","[0.6332881146325661, 0.48017644443095286, 0.4497003920116156, 0.44304155175159826, 0.431272459184077]","['017800.KS', '051600.KS', '103140.KS', '298040.KS', '010130.KS']","[-0.29449368642031665, -0.2599487315349228, -0.2281084835850005, -0.19571909014976896, -0.17772186248004476]"
402340.KS,"['000660.KS', '042700.KS', '071050.KS', '034730.KS', '006800.KS']","[0.8863609911054875, 0.6555953720842559, 0.6470224377753053, 0.6264595283380641, 0.5964100987133534]","['030200.KS', '139480.KS', '012510.KS', '012630.KS', '023530.KS']","[-0.10752596410841382, -0.09661013989941779, -0.04814135666195444, -0.045305379269328365, -0.03793290997537355]"
443060.KS,"['071970.KS', '082740.KS', '009540.KS', '329180.KS', '010140.KS']","[0.5506257558349987, 0.525827452598087, 0.5032203645805419, 0.4789797570296645, 0.41385404313463603]","['457190.KS', '111770.KS', '005070.KS', '361610.KS', '005930.KS']","[-0.36632115203273247, -0.24517593315139916, -0.22068499791519458, -0.21926228294900235, -0.21352460883609425]"
450080.KS,"['005070.KS', '361610.KS', '022100.KS', '066970.KS', '003670.KS']","[0.7545531665432289, 0.7138801055437662, 0.7062245293841511, 0.6979932620992506, 0.6965529032993808]","['294870.KS', '267260.KS', '443060.KS', '272210.KS', '010130.KS']","[-0.19196647088977656, -0.16713591098481867, -0.1578059625340555, -0.11432059851667888, -0.1025906117180988]"
454910.KS,"['015760.KS', '086280.KS', '016360.KS', '042700.KS', '307950.KS']","[0.48542272293689886, 0.43736229852554065, 0.4285555008981545, 0.42663920346211515, 0.38993737838864356]","['139480.KS', '082740.KS', '042660.KS', '068270.KS', '017800.KS']","[-0.15572487543226182, -0.11898110700520255, -0.11665360039667552, -0.109455538587719, -0.09622642898028178]"
457190.KS,"['450080.KS', '361610.KS', '005070.KS', '003670.KS', '000990.KS']","[0.6716082827846495, 0.6154381382966104, 0.5135681301493332, 0.5105915949161126, 0.4621304020910074]","['443060.KS', '267260.KS', '012510.KS', '175330.KS', '103590.KS']","[-0.36632115203273247, -0.2121527191530718, -0.2076910784843406, -0.12217720809686906, -0.11884032969174856]"
462870.KS,"['006040.KS', '026960.KS', '073240.KS', '004370.KS', '006280.KS']","[0.5014109994255069, 0.423829879047397, 0.4046916307134065, 0.3917314037754479, 0.38322630395829305]","['000150.KS', '051900.KS', '017960.KS', '272210.KS', '298040.KS']","[-0.12147933196193647, -0.11417894279191126, -0.10646134247459109, -0.07723538089427266, -0.06710070371352017]"
